not_found_org,not_found_mod,not_found_trans,not_found_cat,Column1
artsign,arrTsign,????????,TL-NW-ALNUM,"'artsign':'????????',"
arttoframes,arrTtoframes,???????????,TL-NW-ALNUM,"'arttoframes':'???????????',"
artwave,arrTwave,????????,TL-NW-ALNUM,"'artwave':'????????',"
artway,arrTOye,???????,TL-NW-ALNUM,"'artway':'???????',"
artworks,arrTOyarks,????????????,TL-NW-ALNUM,"'artworks':'????????????',"
artzfashion,arrTzfZashon,???????????,TL-NW-ALNUM,"'artzfashion':'???????????',"
arwa,arwa,?????,TL-NW-ALNUM,"'arwa':'?????',"
arwah,ar`Oyah,??????,TL-NW-ALNUM,"'arwah':'??????',"
arwei,arwei,????,TL-NW-ALNUM,"'arwei':'????',"
aryan's,aryan's,??????,TL-NW-SP-Error,"'aryan's':'??????',"
aryna,arina,?????,TL-NW-ALNUM,"'aryna':'?????',"
as-siraat,as-siraat,? ??-?????,TL-NW-Error,"'as-siraat':'? ??-?????',"
as-sunnah,as-sunnah,? ??--???????,TL-NW-Error,"'as-sunnah':'? ??--???????',"
as-syirah,as-syirah,? ??--?????,TL-NW-Error,"'as-syirah':'? ??--?????',"
as-telecom,as-telecom,? ??--??????,TL-NW-Error,"'as-telecom':'? ??--??????',"
as65,as65,????,TL-NW-ALNUM,"'as65':'????',"
asad's,asad's,?????,TL-NW-SP-Error,"'asad's':'?????',"
asahibeverage,asahibeverEj,????????????,TL-NW-ALNUM,"'asahibeverage':'????????????',"
asana,asana,?????,TL-NW-ALNUM,"'asana':'?????',"
asap,asap,????,TL-NW-ALNUM,"'asap':'????',"
asbd,asbd,?????,TL-NW-ALNUM,"'asbd':'?????',"
ascetic,asceTik,???????,TL-NW-ALNUM,"'ascetic':'???????',"
asdaqabd,asdaqabd,??????????,TL-NW-ALNUM,"'asdaqabd':'??????????',"
asdasd,asdasd,??????,TL-NW-ALNUM,"'asdasd':'??????',"
asefashion,asefZashon,?????????,TL-NW-ALNUM,"'asefashion':'?????????',"
asenware,asen`Oare,????????,TL-NW-ALNUM,"'asenware':'????????',"
asg,asg,? ?? ??,TL-NW-ALNUM,"'asg':'? ?? ??',"
ashcroft,ashcroft,???????,TL-NW-ALNUM,"'ashcroft':'???????',"
asign,asign,?????,TL-NW-ALNUM,"'asign':'?????',"
ask4dbbackup,ask4dbbackup,????????????????,TL-NW-ALNUM,"'ask4dbbackup':'????????????????',"
askcomp,askkomp,????????,TL-NW-ALNUM,"'askcomp':'????????',"
aslipure,aslipure,????????,TL-NW-ALNUM,"'aslipure':'????????',"
asmi,asmi,?????,TL-NW-ALNUM,"'asmi':'?????',"
asmio,asmio,??????,TL-NW-ALNUM,"'asmio':'??????',"
asmodus,asmodus,???????,TL-NW-ALNUM,"'asmodus':'???????',"
asource,asource,??????,TL-NW-ALNUM,"'asource':'??????',"
asp,asp,? ?? ??,TL-NW-ALNUM,"'asp':'? ?? ??',"
aspada,aspada,???????,TL-NW-ALNUM,"'aspada':'???????',"
aspo,aspo,????,TL-NW-ALNUM,"'aspo':'????',"
astec,asTek,??????,TL-NW-ALNUM,"'astec':'??????',"
astech,asTek,??????,TL-NW-ALNUM,"'astech':'??????',"
astoriatoy,asTOriaToy,???????????,TL-NW-ALNUM,"'astoriatoy':'???????????',"
astroglide,asTroglide,???????????,TL-NW-ALNUM,"'astroglide':'???????????',"
astrolabe,asTro`lZabe,???????????,TL-NW-ALNUM,"'astrolabe':'???????????',"
astrotec,asTroTek,?????????,TL-NW-ALNUM,"'astrotec':'?????????',"
astrotel,asTrotel,?????????,TL-NW-ALNUM,"'astrotel':'?????????',"
asty,asTy,?????,TL-NW-ALNUM,"'asty':'?????',"
asutech,asuTek,??????,TL-NW-ALNUM,"'asutech':'??????',"
asuwish,asuwish,??????,TL-NW-ALNUM,"'asuwish':'??????',"
asv,asv,? ?? ??,TL-NW-ALNUM,"'asv':'? ?? ??',"
asvape,asvep,?????,TL-NW-ALNUM,"'asvape':'?????',"
asweets,asuiTs,??????,TL-NW-ALNUM,"'asweets':'??????',"
asy-syifa,asy-syifa,? ?? ????- ????,TL-NW-Error,"'asy-syifa':'? ?? ????- ????',"
at-a-glance,at-a-glance,?? -? -???????,TL-NW-Error,"'at-a-glance':'?? -? -???????',"
at-ex,at-ex,??-????,TL-NW-Error,"'at-ex':'??-????',"
at-tin,at-tin,??-???,TL-NW-Error,"'at-tin':'??-???',"
atailorbird,aTe`ilorbarrD,???????????,TL-NW-ALNUM,"'atailorbird':'???????????',"
atasd,atas'd,?????,TL-NW-SP-Error,"'atasd':'?????',"
atcg,atcg,? ?? ?? ??,TL-NW-ALNUM,"'atcg':'? ?? ?? ??',"
atcom,atkom,?????,TL-NW-ALNUM,"'atcom':'?????',"
atd,atd,?????,TL-NW-ALNUM,"'atd':'?????',"
atdec,atdec,?????,TL-NW-ALNUM,"'atdec':'?????',"
atec,aTek,????,TL-NW-ALNUM,"'atec':'????',"
atek,aTek,????,TL-NW-ALNUM,"'atek':'????',"
atelierflou,atelierflou,???????????,TL-NW-ALNUM,"'atelierflou':'???????????',"
atfmi,atfmi,?????,TL-NW-ALNUM,"'atfmi':'?????',"
atg,atg,? ?? ??,TL-NW-ALNUM,"'atg':'? ?? ??',"
atime,aTaim,?????,TL-NW-ALNUM,"'atime':'?????',"
atman,atman,????????,TL-NW-ALNUM,"'atman':'????????',"
atmananda,atmanondo,?????????,TL-NW-ALNUM,"'atmananda':'?????????',"
atmosphere,atmosphare,???????????,TL-NW-ALNUM,"'atmosphere':'???????????',"
atmshops,atmshops,????????,TL-NW-ALNUM,"'atmshops':'????????',"
atn,atn,????,TL-NW-ALNUM,"'atn':'????',"
atoah,atoah,?????,TL-NW-ALNUM,"'atoah':'?????',"
atouchbo,atouchbo,??????,TL-NW-ALNUM,"'atouchbo':'??????',"
atp,atp,?????,TL-NW-ALNUM,"'atp':'?????',"
atrue,aTru,?????,TL-NW-ALNUM,"'atrue':'?????',"
ats,ats,? ?? ??,TL-NW-ALNUM,"'ats':'? ?? ??',"
attar-waala,attar-waala,???-?????,TL-NW-Error,"'attar-waala':'???-?????',"
attcl,attcl,?????????,TL-NW-ALNUM,"'attcl':'?????????',"
attired,aZta`yard,???????????,TL-NW-ALNUM,"'attired':'???????????',"
attiree,aZta`yare,?????????,TL-NW-ALNUM,"'attiree':'?????????',"
attitude,atTitude,??????,TL-NW-ALNUM,"'attitude':'??????',"
attop,atTop,????,TL-NW-ALNUM,"'attop':'????',"
attrayant,attrayant,????????????,TL-NW-ALNUM,"'attrayant':'????????????',"
attrom,attrom,?????,TL-NW-ALNUM,"'attrom':'?????',"
atturo,atturo,???????,TL-NW-ALNUM,"'atturo':'???????',"
attwood,att`uD,??????,TL-NW-ALNUM,"'attwood':'??????',"
atw,atw,? ?? ??????,TL-NW-ALNUM,"'atw':'? ?? ??????',"
atwood,at`uD,????,TL-NW-ALNUM,"'atwood':'????',"
atx,atx,???????,TL-NW-ALNUM,"'atx':'???????',"
atyou,aTiou,?????,TL-NW-ALNUM,"'atyou':'?????',"
atz,atz,? ?? ???,TL-NW-ALNUM,"'atz':'? ?? ???',"
au,au,??,TL-NW-ALNUM,"'au':'??',"
aubtec,aubTek,??????,TL-NW-ALNUM,"'aubtec':'??????',"
aucassie,aukasie,???????,TL-NW-ALNUM,"'aucassie':'???????',"
aucee,aucI,????,TL-NW-ALNUM,"'aucee':'????',"
audala,audala,??????,TL-NW-ALNUM,"'audala':'??????',"
audemars,audemars,????????,TL-NW-ALNUM,"'audemars':'????????',"
audestore,audesTOre,????????,TL-NW-ALNUM,"'audestore':'????????',"
audia,audia,?????,TL-NW-ALNUM,"'audia':'?????',"
audio-technica,audio-technica,????-???????,TL-NW-Error,"'audio-technica':'????-???????',"
audioflood,audioflood,?????????,TL-NW-ALNUM,"'audioflood':'?????????',"
audiolab,audio`lZab,?????????,TL-NW-ALNUM,"'audiolab':'?????????',"
audioline,audiola`in,????????,TL-NW-ALNUM,"'audioline':'????????',"
audiopipe,audiopipe,????????,TL-NW-ALNUM,"'audiopipe':'????????',"
audioromy,audioromi,???????,TL-NW-ALNUM,"'audioromy':'???????',"
aufine,aufine,?????,TL-NW-ALNUM,"'aufine':'?????',"
auirway,auirOye,??????,TL-NW-ALNUM,"'auirway':'??????',"
aunt,aunt,????,TL-NW-ALNUM,"'aunt':'????',"
auntie,aunTie,?????,TL-NW-ALNUM,"'auntie':'?????',"
aunty,aunTi,?????,TL-NW-ALNUM,"'aunty':'?????',"
auoyo,auoyo,?????,TL-NW-ALNUM,"'auoyo':'?????',"
aura,aura,???,TL-NW-ALNUM,"'aura':'???',"
aura-clean,aura-clean,???-?????,TL-NW-Error,"'aura-clean':'???-?????',"
auraboy,auraboy,?????,TL-NW-ALNUM,"'auraboy':'?????',"
aurabrandsleeveboy,aurabrandsleeveboy,?????????????????,Long-word,"'aurabrandsleeveboy':'?????????????????',"
aurabrandsleeveboys,aurabrandsleeveboys,??????????????????,Long-word,"'aurabrandsleeveboys':'??????????????????',"
auralife,auralaiF,???????,TL-NW-ALNUM,"'auralife':'???????',"
aurasleeveboy,auraslIveboy,??????????,TL-NW-ALNUM,"'aurasleeveboy':'??????????',"
auratshirtforboys,auratshirtforboys,???????????????,Long-word,"'auratshirtforboys':'???????????????',"
auratshirtforboyss,auratshirtforboyss,???????????????,Long-word,"'auratshirtforboyss':'???????????????',"
auraungu,auraungU,????????,TL-NW-ALNUM,"'auraungu':'????????',"
aurawhite,aurawhite,?????????,TL-NW-ALNUM,"'aurawhite':'?????????',"
auroral,aurora'l,??????,TL-NW-SP-Error,"'auroral':'??????',"
auroshikha,auroshikha,???????,TL-NW-ALNUM,"'auroshikha':'???????',"
aurum,aurum,?????,TL-NW-ALNUM,"'aurum':'?????',"
aus,aus,???,TL-NW-ALNUM,"'aus':'???',"
ausdy,ausdy,?????,TL-NW-ALNUM,"'ausdy':'?????',"
ausflow,ausflow,???????,TL-NW-ALNUM,"'ausflow':'???????',"
ausganica,ausganika,?????????,TL-NW-ALNUM,"'ausganica':'?????????',"
ausko,ausko,?????,TL-NW-ALNUM,"'ausko':'?????',"
auslogics,auslojiks,??????????,TL-NW-ALNUM,"'auslogics':'??????????',"
ausmii,ausmii,???????,TL-NW-ALNUM,"'ausmii':'???????',"
auspice,auspa`is,????????,TL-NW-ALNUM,"'auspice':'????????',"
aussie,ausie,???,TL-NW-ALNUM,"'aussie':'???',"
aussiebee,ausiebI,??????,TL-NW-ALNUM,"'aussiebee':'??????',"
aussiebees,ausiebIs,????????,TL-NW-ALNUM,"'aussiebees':'????????',"
aussiebum,ausiebum,????????,TL-NW-ALNUM,"'aussiebum':'????????',"
aussino,ausino,??????,TL-NW-ALNUM,"'aussino':'??????',"
ausupreme,ausuprime,?????????,TL-NW-ALNUM,"'ausupreme':'?????????',"
autan,autan,???????,TL-NW-ALNUM,"'autan':'???????',"
autaries,autaries,????????,TL-NW-ALNUM,"'autaries':'????????',"
autaris,autaris,???????,TL-NW-ALNUM,"'autaris':'???????',"
autec,auTek,?????,TL-NW-ALNUM,"'autec':'?????',"
authentech,authenTek,???????,TL-NW-ALNUM,"'authentech':'???????',"
authentic-shop,authentic-shop,???????-??,TL-NW-Error,"'authentic-shop':'???????-??',"
autium,auTium,????,TL-NW-ALNUM,"'autium':'????',"
auto-factor,auto-factor,???-????????,TL-NW-Error,"'auto-factor':'???-????????',"
auto-h,auto-h,???-???,TL-NW-Error,"'auto-h':'???-???',"
auto-way,auto-way,???-???,TL-NW-Error,"'auto-way':'???-???',"
autobacs,oTObe si es,???????,TL-NW-ALNUM,"'autobacs':'???????',"
autobot,oTOboT,?????,TL-NW-ALNUM,"'autobot':'?????',"
autodyne,oTOdyne,??????,TL-NW-ALNUM,"'autodyne':'??????',"
autoffice,oTOffa`is,???????,TL-NW-ALNUM,"'autoffice':'???????',"
autofull,oTOfull,???????,TL-NW-ALNUM,"'autofull':'???????',"
autogate,oTOgeT,??????,TL-NW-ALNUM,"'autogate':'??????',"
autohouse,oTOha`us,???????,TL-NW-ALNUM,"'autohouse':'???????',"
automouse,oTOmouse,??????,TL-NW-ALNUM,"'automouse':'??????',"
autonics,auToniks,?????????,TL-NW-ALNUM,"'autonics':'?????????',"
autopica,oTOpika,???????,TL-NW-ALNUM,"'autopica':'???????',"
autopilot,oTOpilot,???????,TL-NW-ALNUM,"'autopilot':'???????',"
autopower,oTOpa``Oar,?????????,TL-NW-ALNUM,"'autopower':'?????????',"
autosock,oTOSok,?????,TL-NW-ALNUM,"'autosock':'?????',"
autoyouth,oTOyauTh,??????,TL-NW-ALNUM,"'autoyouth':'??????',"
autumn,autumn,????,TL-NW-ALNUM,"'autumn':'????',"
autumnbd,autumnbd,????????,TL-NW-ALNUM,"'autumnbd':'????????',"
av,av,? ?? ,TL-NW-ALNUM,"'av':'? ??',"
av-star,av-star,???-?????,TL-NW-Error,"'av-star':'???-?????',"
avaani,avaani,?????,TL-NW-ALNUM,"'avaani':'?????',"
avacom,aveKOm,??????,TL-NW-ALNUM,"'avacom':'??????',"
avadesign,avaDi`ja`in,?????????,TL-NW-ALNUM,"'avadesign':'?????????',"
avafqi,avafqi,??????,TL-NW-ALNUM,"'avafqi':'??????',"
avaly,avali,?????,TL-NW-ALNUM,"'avaly':'?????',"
avant-scene,avant-scene,??????-?????,TL-NW-Error,"'avant-scene':'??????-?????',"
avantfarmer,avantfarmar,????????????,TL-NW-ALNUM,"'avantfarmer':'????????????',"
avatto,avatto,??????,TL-NW-ALNUM,"'avatto':'??????',"
avc,avc,?????,TL-NW-ALNUM,"'avc':'?????',"
ave,ave,? ?? ?,TL-NW-ALNUM,"'ave':'? ?? ?',"
aveat,aveat,??????,TL-NW-ALNUM,"'aveat':'??????',"
avec,avec,??????,TL-NW-ALNUM,"'avec':'??????',"
aveene,avIne,????,TL-NW-ALNUM,"'aveene':'????',"
avenues,avenues,???????,TL-NW-ALNUM,"'avenues':'???????',"
avertv,avertv,??????,TL-NW-ALNUM,"'avertv':'??????',"
averys,avery's,??????,TL-NW-SP-Error,"'averys':'??????',"
avg,avg,? ?? ??,TL-NW-ALNUM,"'avg':'? ?? ??',"
aviiq,aviiq,?????,TL-NW-ALNUM,"'aviiq':'?????',"
avik's,avik's,??????,TL-NW-SP-Error,"'avik's':'??????',"
avondale,avondale,???????,TL-NW-ALNUM,"'avondale':'???????',"
avoronfashion,avoronfZashon,??????????,TL-NW-ALNUM,"'avoronfashion':'??????????',"
avosoda,avosoda,?????,TL-NW-ALNUM,"'avosoda':'?????',"
avracare,avreKiar,??????????,TL-NW-ALNUM,"'avracare':'??????????',"
avrcircuit,avrcircuit,???????????,TL-NW-ALNUM,"'avrcircuit':'???????????',"
avt,avt,? ?? ??,TL-NW-ALNUM,"'avt':'? ?? ??',"
avtech,avTek,?????,TL-NW-ALNUM,"'avtech':'?????',"
aw,aw,??,TL-NW-ALNUM,"'aw':'??',"
awa-shima,awa-shima,? ????- ????,TL-NW-Error,"'awa-shima':'? ????- ????',"
awaays,awaays,?????,TL-NW-ALNUM,"'awaays':'?????',"
awabi,awabi,?????,TL-NW-ALNUM,"'awabi':'?????',"
awague,awague,?????,TL-NW-ALNUM,"'awague':'?????',"
awaken,awaken,?????,TL-NW-ALNUM,"'awaken':'?????',"
awan,awan,????,TL-NW-ALNUM,"'awan':'????',"
awana,awana,?????,TL-NW-ALNUM,"'awana':'?????',"
awanbyaz,awanbiaz,?????????,TL-NW-ALNUM,"'awanbyaz':'?????????',"
awaniey,awaniey,???????,TL-NW-ALNUM,"'awaniey':'???????',"
awanshima,awanshima,????????,TL-NW-ALNUM,"'awanshima':'????????',"
awashima,awashima,???????,TL-NW-ALNUM,"'awashima':'???????',"
awave,awave,????,TL-NW-ALNUM,"'awave':'????',"
awd,awd,???,TL-NW-ALNUM,"'awd':'???',"
awda,awda,????,TL-NW-ALNUM,"'awda':'????',"
awedacious,awedacious,??????????,TL-NW-ALNUM,"'awedacious':'??????????',"
aweeco,awIco,??????,TL-NW-ALNUM,"'aweeco':'??????',"
aweek,awIk,????,TL-NW-ALNUM,"'aweek':'????',"
awefit,awefiT,??????,TL-NW-ALNUM,"'awefit':'??????',"
awei,awei,????,TL-NW-ALNUM,"'awei':'????',"
awesome,awesome,????,TL-NW-ALNUM,"'awesome':'????',"
awesometoner,awesomeToner,??????????,TL-NW-ALNUM,"'awesometoner':'??????????',"
aweson,aweson,?????,TL-NW-ALNUM,"'aweson':'?????',"
awfiya,awfiya,??????,TL-NW-ALNUM,"'awfiya':'??????',"
awfiyacollection,awfiyacollection,?????????????,Long-word,"'awfiyacollection':'?????????????',"
awhid,awhid,?????,TL-NW-ALNUM,"'awhid':'?????',"
awi,awi,???,TL-NW-ALNUM,"'awi':'???',"
awia,awia,?????,TL-NW-ALNUM,"'awia':'?????',"
awlook,awlook,?????,TL-NW-ALNUM,"'awlook':'?????',"
awma,awma,????,TL-NW-ALNUM,"'awma':'????',"
awn,awn,???,TL-NW-ALNUM,"'awn':'???',"
awox,awox,?????,TL-NW-ALNUM,"'awox':'?????',"
awshiea,awshiea,???????,TL-NW-ALNUM,"'awshiea':'???????',"
awsky,awsky,???????,TL-NW-ALNUM,"'awsky':'???????',"
awt,awt,???,TL-NW-ALNUM,"'awt':'???',"
axe(co),axe(co),axe(co),TL-NW-SP-Error,"'axe(co)':'axe(co)',"
axign,axign,????????,TL-NW-ALNUM,"'axign':'????????',"
axperflower,axparflaoyar,???????????????,TL-NW-ALNUM,"'axperflower':'???????????????',"
axperflowerdesign,axperflowerdesign,??????????????????????,Long-word,"'axperflowerdesign':'??????????????????????',"
axperflowerdesignstudio,axperflowerdesignstudio,????????????????????????????,Long-word,"'axperflowerdesignstudio':'????????????????????????????',"
axperflowers,axparflaoyars,????????????????,TL-NW-ALNUM,"'axperflowers':'????????????????',"
axperflowerstudio,axperflowerstudio,???????????????????,Long-word,"'axperflowerstudio':'???????????????????',"
axperstudio,axparsTuDio,??????????????,TL-NW-ALNUM,"'axperstudio':'??????????????',"
axt,axt,? ???? ??,TL-NW-ALNUM,"'axt':'? ???? ??',"
ay,ay,??,TL-NW-ALNUM,"'ay':'??',"
ay81,ay81,????,TL-NW-ALNUM,"'ay81':'????',"
ayaan's,ayaan's,?????,TL-NW-SP-Error,"'ayaan's':'?????',"
ayaandeal,ayaanDil,????????,TL-NW-ALNUM,"'ayaandeal':'????????',"
ayaans,ayaans,??????,TL-NW-ALNUM,"'ayaans':'??????',"
ayasha's,ayasha's,??????,TL-NW-SP-Error,"'ayasha's':'??????',"
ayesha's,ayesha's,??????,TL-NW-SP-Error,"'ayesha's':'??????',"
"ayin,","ayin,",????,TL-NW-Error,"'ayin,':'????',"
aysha's,aysha's,??????,TL-NW-SP-Error,"'aysha's':'??????',"
ayunita,ayiunita,????????,TL-NW-ALNUM,"'ayunita':'????????',"
ayura,aiura,?????,TL-NW-ALNUM,"'ayura':'?????',"
ayuraqua,aiuraZKua,?????????????,TL-NW-ALNUM,"'ayuraqua':'?????????????',"
ayurmedic,aiurmedik,?????????,TL-NW-ALNUM,"'ayurmedic':'?????????',"
ayurpure,aiurpure,???????,TL-NW-ALNUM,"'ayurpure':'???????',"
ayurslim,aiurslim,?????????,TL-NW-ALNUM,"'ayurslim':'?????????',"
ayva,ayva,????,TL-NW-ALNUM,"'ayva':'????',"
az-one,az-one,????-????,TL-NW-Error,"'az-one':'????-????',"
az-zain,az-zain,????-????,TL-NW-Error,"'az-zain':'????-????',"
azar,azar,????,TL-NW-ALNUM,"'azar':'????',"
azara,azara,?????,TL-NW-ALNUM,"'azara':'?????',"
azc,azc,??????,TL-NW-ALNUM,"'azc':'??????',"
azeel,azIl,????,TL-NW-ALNUM,"'azeel':'????',"
azetch,azetch,?????,TL-NW-ALNUM,"'azetch':'?????',"
azexi,azexi,???????,TL-NW-ALNUM,"'azexi':'???????',"
azi-al,azi-al,???-??,TL-NW-Error,"'azi-al':'???-??',"
azie,azie,????,TL-NW-ALNUM,"'azie':'????',"
azienda,azienda,????????,TL-NW-ALNUM,"'azienda':'????????',"
aziz's,aziz's,????,TL-NW-SP-Error,"'aziz's':'????',"
azmabeauty,azmabiuTi,?????????,TL-NW-ALNUM,"'azmabeauty':'?????????',"
azmaien's,azmaien's,???????,TL-NW-SP-Error,"'azmaien's':'???????',"
azmain's,azmain's,???????,TL-NW-SP-Error,"'azmain's':'???????',"
azmira,azmira,??????,TL-NW-ALNUM,"'azmira':'??????',"
azn,azn,? ??? ??,TL-NW-ALNUM,"'azn':'? ??? ??',"
azolra,azolra,??????,TL-NW-ALNUM,"'azolra':'??????',"
azr,azr,? ??? ??,TL-NW-ALNUM,"'azr':'? ??? ??',"
azreen's,azreen's,???????,TL-NW-SP-Error,"'azreen's':'???????',"
azryn,azrin,??????,TL-NW-ALNUM,"'azryn':'??????',"
azwa,azwa,?????,TL-NW-ALNUM,"'azwa':'?????',"
azxcg,azxcg,???????,TL-NW-ALNUM,"'azxcg':'???????',"
azy,azy,? ??? ????,TL-NW-ALNUM,"'azy':'? ??? ????',"
azyuan,aziuan,???????,TL-NW-ALNUM,"'azyuan':'???????',"
azzonebd,azjOnbd,?????????,TL-NW-ALNUM,"'azzonebd':'?????????',"
azzonebd02,azjOnbd02,????????????,TL-NW-ALNUM,"'azzonebd02':'????????????',"
babas,baba's,?????,TL-NW-SP-Error,"'babas':'?????',"
babada,babada,??????,TL-NW-ALNUM,"'babada':'??????',"
babecare,babeKeyar,????????,TL-NW-ALNUM,"'babecare':'????????',"
babehug,babehug,??????,TL-NW-ALNUM,"'babehug':'??????',"
babes,babes,????,TL-NW-ALNUM,"'babes':'????',"
babesteps,babesTeps,??????????,TL-NW-ALNUM,"'babesteps':'??????????',"
babi,bebi,????,TL-NW-ALNUM,"'babi':'????',"
babies,bebies,??????,TL-NW-ALNUM,"'babies':'??????',"
babiesmanhattan,babiesmanhattan,?????????????????,Long-word,"'babiesmanhattan':'?????????????????',"
babiesrus,bebiesrus,??????????,TL-NW-ALNUM,"'babiesrus':'??????????',"
babion,bebayOn,??????,TL-NW-ALNUM,"'babion':'??????',"
babjades,babjades,?????????,TL-NW-ALNUM,"'babjades':'?????????',"
babolat,babolat,??????,TL-NW-ALNUM,"'babolat':'??????',"
baburci,baburci,???????,TL-NW-ALNUM,"'baburci':'???????',"
baby's,baby's,?????,TL-NW-SP-Error,"'baby's':'?????',"
babyafeef,babiafIf,?????????,TL-NW-ALNUM,"'babyafeef':'?????????',"
babyatt,babiatt,?????????,TL-NW-ALNUM,"'babyatt':'?????????',"
babybaby,babibabi,????????,TL-NW-ALNUM,"'babybaby':'????????',"
babybay,babibay,???????,TL-NW-ALNUM,"'babybay':'???????',"
babybearshop,babibiyarshop,???????????,TL-NW-ALNUM,"'babybearshop':'???????????',"
babybee,babibI,??????,TL-NW-ALNUM,"'babybee':'??????',"
babybetter,babibetTar,??????????,TL-NW-ALNUM,"'babybetter':'??????????',"
babybjorn,babibjorn,?????????,TL-NW-ALNUM,"'babybjorn':'?????????',"
babybliss,babiblis,?????????,TL-NW-ALNUM,"'babybliss':'?????????',"
babyboo,babiboo,??????,TL-NW-ALNUM,"'babyboo':'??????',"
babybuds,babibuds,????????,TL-NW-ALNUM,"'babybuds':'????????',"
babycodi,babicodi,???????,TL-NW-ALNUM,"'babycodi':'???????',"
babydiary,babidiari,??????????,TL-NW-ALNUM,"'babydiary':'??????????',"
babydoll,babiDol,??????,TL-NW-ALNUM,"'babydoll':'??????',"
babyereena,babierIna,?????????,TL-NW-ALNUM,"'babyereena':'?????????',"
babyface,babifeis,????????,TL-NW-ALNUM,"'babyface':'????????',"
babyfeet,babifIt,???????,TL-NW-ALNUM,"'babyfeet':'???????',"
babyfit,babifiT,???????,TL-NW-ALNUM,"'babyfit':'???????',"
babyfutur,babifutur,?????????,TL-NW-ALNUM,"'babyfutur':'?????????',"
babyganiacs,babiganie si es,????????? ?? ??,TL-NW-ALNUM,"'babyganiacs':'????????? ?? ??',"
babyganics,babiganiks,???????????,TL-NW-ALNUM,"'babyganics':'???????????',"
babyganix,babiganix,???????????,TL-NW-ALNUM,"'babyganix':'???????????',"
babygap,babigap,?????????,TL-NW-ALNUM,"'babygap':'?????????',"
babygear,babigiar,?????????,TL-NW-ALNUM,"'babygear':'?????????',"
babygifthouse,babigifTha`us,????????????,TL-NW-ALNUM,"'babygifthouse':'????????????',"
babyglee,babiglI,????????,TL-NW-ALNUM,"'babyglee':'????????',"
babygo,babigo,?????,TL-NW-ALNUM,"'babygo':'?????',"
babygp,babigp,??????,TL-NW-ALNUM,"'babygp':'??????',"
babyhaven,babihaven,?????????,TL-NW-ALNUM,"'babyhaven':'?????????',"
babyhome,babihOm,???????,TL-NW-ALNUM,"'babyhome':'???????',"
babyish,babiish,??????,TL-NW-ALNUM,"'babyish':'??????',"
babyjoe,babijoe,??????,TL-NW-ALNUM,"'babyjoe':'??????',"
babyjumi,babijumi,????????,TL-NW-ALNUM,"'babyjumi':'????????',"
babykin,babikin,???????,TL-NW-ALNUM,"'babykin':'???????',"
babyking,babiking,???????,TL-NW-ALNUM,"'babyking':'???????',"
babylac,babilac,???????,TL-NW-ALNUM,"'babylac':'???????',"
babylicious,babilikious,???????????,TL-NW-ALNUM,"'babylicious':'???????????',"
babylife,babilaiF,????????,TL-NW-ALNUM,"'babylife':'????????',"
babyliss,babilis,???????,TL-NW-ALNUM,"'babyliss':'???????',"
babyliyan,babiliyan,?????????,TL-NW-ALNUM,"'babyliyan':'?????????',"
babylock,babilOk,???????,TL-NW-ALNUM,"'babylock':'???????',"
babylove,babilove,???????,TL-NW-ALNUM,"'babylove':'???????',"
babymama,babimama,????????,TL-NW-ALNUM,"'babymama':'????????',"
babymarket,babimarket,??????????,TL-NW-ALNUM,"'babymarket':'??????????',"
babymoon,babimun,???????,TL-NW-ALNUM,"'babymoon':'???????',"
babynat,babinat,???????,TL-NW-ALNUM,"'babynat':'???????',"
babyneedsbd,babinIdsbd,???????????,TL-NW-ALNUM,"'babyneedsbd':'???????????',"
babynihao,babinihao,?????????,TL-NW-ALNUM,"'babynihao':'?????????',"
babyone,babione,??????,TL-NW-ALNUM,"'babyone':'??????',"
babypanda,babipanda,??????????,TL-NW-ALNUM,"'babypanda':'??????????',"
babypro,babiprO,????????,TL-NW-ALNUM,"'babypro':'????????',"
babyqtoys,babiqToys,????????,TL-NW-ALNUM,"'babyqtoys':'????????',"
babyroom,babiroom,???????,TL-NW-ALNUM,"'babyroom':'???????',"
babyrub,babirub,???????,TL-NW-ALNUM,"'babyrub':'???????',"
babyruler,babiruler,?????????,TL-NW-ALNUM,"'babyruler':'?????????',"
babys,babis,?????,TL-NW-ALNUM,"'babys':'?????',"
babyshell,babishell,?????????,TL-NW-ALNUM,"'babyshell':'?????????',"
babyshome,babishOm,???????,TL-NW-ALNUM,"'babyshome':'???????',"
babyshop27,babishop27,????????,TL-NW-ALNUM,"'babyshop27':'????????',"
babyspa,babispa,????????,TL-NW-ALNUM,"'babyspa':'????????',"
babystyle,babisTa`il,??????????,TL-NW-ALNUM,"'babystyle':'??????????',"
babyswatchsg,babisOye si esg,??????? ?? ???,TL-NW-ALNUM,"'babyswatchsg':'??????? ?? ???',"
babythron,babithron,????????,TL-NW-ALNUM,"'babythron':'????????',"
babytime,babiTaim,????????,TL-NW-ALNUM,"'babytime':'????????',"
babytime!,babytime!,????????,TL-NW-SP-Error,"'babytime!':'????????',"
babytime!byepisencial,babytime!byepisencial,??????????????????,Long-word,"'babytime!byepisencial':'??????????????????',"
babytrend,babiTrenD,???????????,TL-NW-ALNUM,"'babytrend':'???????????',"
babyvaly,babivali,????????,TL-NW-ALNUM,"'babyvaly':'????????',"
babyville,babiville,?????????,TL-NW-ALNUM,"'babyville':'?????????',"
babywear,babiwear,????????,TL-NW-ALNUM,"'babywear':'????????',"
babyworks,babiOyarks,???????????,TL-NW-ALNUM,"'babyworks':'???????????',"
babyworldbd,babiOyarrlDbd,????????????????,TL-NW-ALNUM,"'babyworldbd':'????????????????',"
babyyears,babiyears,??????????,TL-NW-ALNUM,"'babyyears':'??????????',"
babyyoya,babiyoya,???????,TL-NW-ALNUM,"'babyyoya':'???????',"
babyyuga,babiiuga,????????,TL-NW-ALNUM,"'babyyuga':'????????',"
babyzen,babizen,???????,TL-NW-ALNUM,"'babyzen':'???????',"
babyzoo,babizoo,??????,TL-NW-ALNUM,"'babyzoo':'??????',"
baby’s,baby’s,?????,TL-NW-Error,"'baby’s':'?????',"
bac<,bac<,???,TL-NW-SP-Error,"'bac<':'???',"
baccini,bekcini,???????,TL-NW-ALNUM,"'baccini':'???????',"
back2herbs,back2harrbs,??????????,TL-NW-ALNUM,"'back2herbs':'??????????',"
backever,backever,????????,TL-NW-ALNUM,"'backever':'????????',"
backfire,backfayar,????????,TL-NW-ALNUM,"'backfire':'????????',"
backside,backside,???????,TL-NW-ALNUM,"'backside':'???????',"
backslim,backslim,?????????,TL-NW-ALNUM,"'backslim':'?????????',"
backyard,backyard,?????????,TL-NW-ALNUM,"'backyard':'?????????',"
badass,badas,?????,TL-NW-ALNUM,"'badass':'?????',"
badenroo,baDenroo,????????,TL-NW-ALNUM,"'badenroo':'????????',"
badgework,badgeOyark,??????????,TL-NW-ALNUM,"'badgework':'??????????',"
badiee,badiI,?????,TL-NW-ALNUM,"'badiee':'?????',"
badlab,bad`lZab,??????????,TL-NW-ALNUM,"'badlab':'??????????',"
bado,bado,????,TL-NW-ALNUM,"'bado':'????',"
baekdowh,baekdowh,???????,TL-NW-ALNUM,"'baekdowh':'???????',"
baekoksaeng,baekoksaeng,??????????,TL-NW-ALNUM,"'baekoksaeng':'??????????',"
bagan-bari,bagan-bari,?????-????,TL-NW-Error,"'bagan-bari':'?????-????',"
bagbazar,bZagbazar,??????????,TL-NW-ALNUM,"'bagbazar':'??????????',"
bagbeg,bZagbeg,????????,TL-NW-ALNUM,"'bagbeg':'????????',"
bagboss,bZagbos,???????,TL-NW-ALNUM,"'bagboss':'???????',"
bagman,bZagman,?????????,TL-NW-ALNUM,"'bagman':'?????????',"
bagno,bZagno,????????,TL-NW-ALNUM,"'bagno':'????????',"
bagpack,bZagpZak,??????????,TL-NW-ALNUM,"'bagpack':'??????????',"
bagpipe,bZagpipe,?????????,TL-NW-ALNUM,"'bagpipe':'?????????',"
bagrry's,bagrry's,?????????,TL-NW-SP-Error,"'bagrry's':'?????????',"
bagshop8,bZagshop8,????????,TL-NW-ALNUM,"'bagshop8':'????????',"
bagsmart,bZagsMarrT,????????????,TL-NW-ALNUM,"'bagsmart':'????????????',"
bagsonsale,bZagsonsale,???????????,TL-NW-ALNUM,"'bagsonsale':'???????????',"
bagstationz,bZagsTe`shonz,????????????,TL-NW-ALNUM,"'bagstationz':'????????????',"
bagtag,bZagtag,??????????,TL-NW-ALNUM,"'bagtag':'??????????',"
bagworld,bZagOyarrlD,?????????????,TL-NW-ALNUM,"'bagworld':'?????????????',"
bahco,bahco,?????,TL-NW-ALNUM,"'bahco':'?????',"
baihere,baihare,??????,TL-NW-ALNUM,"'baihere':'??????',"
baihuatianshi,baihuaTianshi,??????????????,TL-NW-ALNUM,"'baihuatianshi':'??????????????',"
bailure,bailure,??????,TL-NW-ALNUM,"'bailure':'??????',"
bakecraft,bakekrafT,??????????,TL-NW-ALNUM,"'bakecraft':'??????????',"
bakeey,bakIy,?????,TL-NW-ALNUM,"'bakeey':'?????',"
bakehobby,bakehobbi,?????????,TL-NW-ALNUM,"'bakehobby':'?????????',"
bakeman,bakeman,???????,TL-NW-ALNUM,"'bakeman':'???????',"
baker's,baker's,??????,TL-NW-SP-Error,"'baker's':'??????',"
bakers,bakers,??????,TL-NW-ALNUM,"'bakers':'??????',"
bakers',bakers',??????,TL-NW-SP-Error,"'bakers'':'??????',"
bakeryan,bakerian,?????????,TL-NW-ALNUM,"'bakeryan':'?????????',"
bakkwa,bakkwa,??????,TL-NW-ALNUM,"'bakkwa':'??????',"
balado,balado,?????,TL-NW-ALNUM,"'balado':'?????',"
balanpie,balanpai,????????,TL-NW-ALNUM,"'balanpie':'????????',"
balasmallbear,balasmallbiyar,????????????????,TL-NW-ALNUM,"'balasmallbear':'????????????????',"
balinese,bala`inse,????????,TL-NW-ALNUM,"'balinese':'????????',"
ballon,beloon,?????,TL-NW-ALNUM,"'ballon':'?????',"
ballready,balready,??????,TL-NW-ALNUM,"'ballready':'??????',"
balsacircle,balsacircle,??????????,TL-NW-ALNUM,"'balsacircle':'??????????',"
band-it,band-it,???????-??,TL-NW-Error,"'band-it':'???????-??',"
bandisk,bandisk,???????????,TL-NW-ALNUM,"'bandisk':'???????????',"
barefootjewellry,barefootjewellry,???????????????,Long-word,"'barefootjewellry':'???????????????',"
barenaturals,berinzaCerals,?????????????,TL-NW-ALNUM,"'barenaturals':'?????????????',"
bawalscarves,bawalskarves,?????????????,TL-NW-ALNUM,"'bawalscarves':'?????????????',"
bawang,bawang,?????,TL-NW-ALNUM,"'bawang':'?????',"
bawari,ba`Oari,???????,TL-NW-ALNUM,"'bawari':'???????',"
bayite,bayite,?????,TL-NW-ALNUM,"'bayite':'?????',"
bayou,bayou,????,TL-NW-ALNUM,"'bayou':'????',"
bayridge,bayridge,??????,TL-NW-ALNUM,"'bayridge':'??????',"
baysa,baysa,?????,TL-NW-ALNUM,"'baysa':'?????',"
bayueshilu,baiueshilu,?????????,TL-NW-ALNUM,"'bayueshilu':'?????????',"
bazegear,bazegiar,?????????,TL-NW-ALNUM,"'bazegear':'?????????',"
bbj,bbj,????,TL-NW-ALNUM,"'bbj':'????',"
bbr,bbr,?????,TL-NW-ALNUM,"'bbr':'?????',"
bedtime,bedTaim,????????,TL-NW-ALNUM,"'bedtime':'????????',"
bunny,banny,????,TL-NW-ALNUM,"'bunny':'????',"
buy-mart,buy-mart,???-?????,TL-NW-Error,"'buy-mart':'???-?????',"
buys,bais,????,TL-NW-ALNUM,"'buys':'????',"
buyz,baiz,????,TL-NW-ALNUM,"'buyz':'????',"
cdni,cdni,????,TL-NW-ALNUM,"'cdni':'????',"
cologne,cologne,??????,TL-NW-ALNUM,"'cologne':'??????',"
"company,","company,",????????,TL-NW-Error,"'company,':'????????',"
dasti,d'asti,???????,TL-NW-SP-Error,"'dasti':'???????',"
designworks,Di`ja`inOyarks,?????????????,TL-NW-ALNUM,"'designworks':'?????????????',"
dh,dh,?,TL-NW-ALNUM,"'dh':'?',"
dietary,dietari,???????,TL-NW-ALNUM,"'dietary':'???????',"
dreamworld,dreamOyarrlD,?????????????,TL-NW-ALNUM,"'dreamworld':'?????????????',"
e-lite,e-lite,?-????,TL-NW-Error,"'e-lite':'?-????',"
e-store,e-store,?-?????,TL-NW-Error,"'e-store':'?-?????',"
elm,elm,? ?? ??,TL-NW-ALNUM,"'elm':'? ?? ??',"
everywhere,everiwhare,??????????,TL-NW-ALNUM,"'everywhere':'??????????',"
eyebrow,eyebrow,??????,TL-NW-ALNUM,"'eyebrow':'??????',"
favorites,favorites,????????,TL-NW-ALNUM,"'favorites':'????????',"
fc,fc,?? ??,TL-NW-ALNUM,"'fc':'?? ??',"
feeder,fIder,?????,TL-NW-ALNUM,"'feeder':'?????',"
firefly,fayarfli,?????????,TL-NW-ALNUM,"'firefly':'?????????',"
furniturebd,furniCarbd,????????????,TL-NW-ALNUM,"'furniturebd':'????????????',"
gadgetsmart,gZajeTsMarrT,??????????????,TL-NW-ALNUM,"'gadgetsmart':'??????????????',"
geboo,geboo,????,TL-NW-ALNUM,"'geboo':'????',"
hide,hide,????,TL-NW-ALNUM,"'hide':'????',"
hut(sir),hut(sir),hut(sir),TL-NW-SP-Error,"'hut(sir)':'hut(sir)',"
hx,hx,??? ????,TL-NW-ALNUM,"'hx':'??? ????',"
issvrv,isvrv,??????,TL-NW-ALNUM,"'issvrv':'??????',"
jennys,jenny's,?????,TL-NW-SP-Error,"'jennys':'?????',"
joyworld,joyOyarrlD,??????????,TL-NW-ALNUM,"'joyworld':'??????????',"
lh,lh,??,TL-NW-ALNUM,"'lh':'??',"
linens/homewear,linens/homewear,linens/homewear,Long-word,"'linens/homewear':'linens/homewear',"
loctite,locTite,??????,TL-NW-ALNUM,"'loctite':'??????',"
maguro,maguro,??????,TL-NW-ALNUM,"'maguro':'??????',"
mart's,mart's,??????,TL-NW-SP-Error,"'mart's':'??????',"
mc,mc,?? ??,TL-NW-ALNUM,"'mc':'?? ??',"
mcphee,mcphI,????,TL-NW-ALNUM,"'mcphee':'????',"
mcw,mcw,?? ?? ?????,TL-NW-ALNUM,"'mcw':'?? ?? ?????',"
miwand,miwand,???????,TL-NW-ALNUM,"'miwand':'???????',"
naturales,nzaCerales,???????????,TL-NW-ALNUM,"'naturales':'???????????',"
naturals,nzaCerals,??????????,TL-NW-ALNUM,"'naturals':'??????????',"
ntw,ntw,?? ?? ?????,TL-NW-ALNUM,"'ntw':'?? ?? ?????',"
nuhcessities,nuhcesiTies,???????????,TL-NW-ALNUM,"'nuhcessities':'???????????',"
penawar,pena`Oar,????????,TL-NW-ALNUM,"'penawar':'????????',"
pengasih,pengasih,?????????,TL-NW-ALNUM,"'pengasih':'?????????',"
"products,","products,",??????????,TL-NW-Error,"'products,':'??????????',"
prokashan,prOkashan,?????????,TL-NW-ALNUM,"'prokashan':'?????????',"
rtw,rtw,?? ?? ????,TL-NW-ALNUM,"'rtw':'?? ?? ????',"
rusano,rusano,??????,TL-NW-ALNUM,"'rusano':'??????',"
scare,sKeyar,???????,TL-NW-ALNUM,"'scare':'???????',"
"services,","services,",?????????,TL-NW-Error,"'services,':'?????????',"
sg,sg,?? ??,TL-NW-ALNUM,"'sg':'?? ??',"
shape,shape,???,TL-NW-ALNUM,"'shape':'???',"
shine,shine,????,TL-NW-ALNUM,"'shine':'????',"
slicer,sla`isr,??????????,TL-NW-ALNUM,"'slicer':'??????????',"
snail,snail,??????,TL-NW-ALNUM,"'snail':'??????',"
"solution,lc","solution,lc","??????,?? ??",TL-NW-Error,"'solution,lc':'??????,?? ??',"
soul,soul,???,TL-NW-ALNUM,"'soul':'???',"
spiece,spaice,??????,TL-NW-ALNUM,"'spiece':'??????',"
storehouse,sTOreha`us,?????????,TL-NW-ALNUM,"'storehouse':'?????????',"
stroller,sTRoller,??????????,TL-NW-ALNUM,"'stroller':'??????????',"
sucker,sucker,?????,TL-NW-ALNUM,"'sucker':'?????',"
suncare,sanKeyar,?????????,TL-NW-ALNUM,"'suncare':'?????????',"
sunglow,sanglO,???????,TL-NW-ALNUM,"'sunglow':'???????',"
suppliers,suppliers,????????????,TL-NW-ALNUM,"'suppliers':'????????????',"
supplies,supplies,????????,TL-NW-ALNUM,"'supplies':'????????',"
swimwear,su`Imwear,??????????,TL-NW-ALNUM,"'swimwear':'??????????',"
toolz,Toolz,????,TL-NW-ALNUM,"'toolz':'????',"
topface,Topfeis,??????,TL-NW-ALNUM,"'topface':'??????',"
two,two,??,TL-NW-ALNUM,"'two':'??',"
uk,uk,?? ??,TL-NW-ALNUM,"'uk':'?? ??',"
unity,iuniTi,??????,TL-NW-ALNUM,"'unity':'??????',"
uv-9r,uv-9r,?? ?? -???,TL-NW-Error,"'uv-9r':'?? ?? -???',"
vapes,veps,?????,TL-NW-ALNUM,"'vapes':'?????',"
varitise,variTise,???????,TL-NW-ALNUM,"'varitise':'???????',"
vase,vase,???,TL-NW-ALNUM,"'vase':'???',"
ventures,ven`nCars,?????????,TL-NW-ALNUM,"'ventures':'?????????',"
vibe,vibe,???,TL-NW-ALNUM,"'vibe':'???',"
vibes,vibes,?????,TL-NW-ALNUM,"'vibes':'?????',"
vitalis,viTalis,???????,TL-NW-ALNUM,"'vitalis':'???????',"
vs,vs,?? ??,TL-NW-ALNUM,"'vs':'?? ??',"
wala,wala,?????,TL-NW-ALNUM,"'wala':'?????',"
wears,wear's,?????,TL-NW-SP-Error,"'wears':'?????',"
wears,wears,?????,TL-NW-ALNUM,"'wears':'?????',"
weather,weathar,??????,TL-NW-ALNUM,"'weather':'??????',"
wedding,wedding,??????,TL-NW-ALNUM,"'wedding':'??????',"
