not_found_org,not_found_mod,not_found_trans,not_found_cat
bd&a,bd&a,bd&a,TL-NW-SP-Error
bd_gadget,bd_gadget,bd_gadget,TL-NW-SP-Error
bd-deal,bd-deal,bd-deal,TL-NW-Error
b-deshi,b-deshi,b-deshi,TL-NW-Error
bd-exclusive-1,bd-exclusive-1,bd-exclusive-1,TL-NW-Error
bd-hut,bd-hut,bd-hut,TL-NW-Error
b-dikailu,b-dikailu,b-dikailu,TL-NW-Error
bd-kor,bd-kor,bd-kor,TL-NW-Error
bd-likes,bd-likes,bd-likes,TL-NW-Error
bd-mart,bd-mart,bd-mart,TL-NW-Error
bdonlineshopxyz,bdonlineshopxyz,bdonlineshopxyz,Long-word
bd-shopping,bd-shopping,bd-shopping,TL-NW-Error
bd-sunbeam,bd-sunbeam,bd-sunbeam,TL-NW-Error
bd-tech,bd-tech,bd-tech,TL-NW-Error
(formerly,(formerly,(formerly,TL-NW-SP-Error
"beaumed,","beaumed,","beaumed,",TL-NW-Error
beautã©,beautã©,beautã©,TL-NW-Error
beaute’gen,beaute’gen,beaute’gen,TL-NW-Error
???,???,???,TL-NW-SP-Error
beautiful-life,beautiful-life,beautiful-life,TL-NW-Error
beauty&tech,beauty&tech,beauty&tech,TL-NW-SP-Error
beauty-flower,beauty-flower,beauty-flower,TL-NW-Error
beauty's,beauty's,beauty's,TL-NW-SP-Error
beauty's,beauty's,beauty's,TL-NW-SP-Error
beccaq_kids,beccaq_kids,beccaq_kids,TL-NW-SP-Error
bed|st,bed|st,bed|st,TL-NW-SP-Error
bed|stu,bed|stu,bed|stu,TL-NW-SP-Error
bedding-house,bedding-house,bedding-house,TL-NW-Error
be-desi,be-desi,be-desi,TL-NW-Error
"learning,","learning,","learning,",TL-NW-Error
beech-nut,beech-nut,beech-nut,TL-NW-Error
beffy's,beffy's,beffy's,TL-NW-SP-Error
beidahe(bdh),beidahe(bdh),beidahe(bdh),TL-NW-SP-Error
beli_jelah,beli_jelah,beli_jelah,TL-NW-SP-Error
bellamy's,bellamy's,bellamy's,TL-NW-SP-Error
belle's,belle's,belle's,TL-NW-SP-Error
beltmastersdirect,beltmastersdirect,beltmastersdirect,Long-word
jerry's,jerry's,jerry's,TL-NW-SP-Error
m-5102,m-5102,m-5102,TL-NW-Error
bequiet!,bequiet!,bequiet!,TL-NW-SP-Error
+o,+o,+o,TL-NW-Error
berrett-koehler,berrett-koehler,berrett-koehler,Long-word
beryls,beryls,beryls,TL-NW-Error
beryl's,beryl's,beryl's,TL-NW-SP-Error
aaa+,aaa+,aaa+,TL-NW-Error
best&beauty,best&beauty,best&beauty,TL-NW-SP-Error
best_express,best_express,best_express,TL-NW-SP-Error
best-21,best-21,best-21,TL-NW-Error
bestfire®,bestfire®,bestfire®,TL-NW-Error
bestir®,bestir®,bestir®,TL-NW-Error
bestirâ®,bestirâ®,bestirâ®,TL-NW-Error
bestpricecables,bestpricecables,bestpricecables,Long-word
best's,best's,best's,TL-NW-SP-Error
best's,best's,best's,TL-NW-SP-Error
bestway-usa,bestway-usa,bestway-usa,TL-NW-Error
be-tech,be-tech,be-tech,TL-NW-Error
betty's,betty's,betty's,TL-NW-SP-Error
beveite®,beveite®,beveite®,TL-NW-Error
"house""","house""","house""",TL-NW-Error
bev-ridge,bev-ridge,bev-ridge,TL-NW-Error
beyonc?©,beyonc?©,beyonc?©,TL-NW-SP-Error
bf-,bf-,bf-,TL-NW-Error
bf-,bf-,bf-,TL-NW-Error
bf-,bf-,bf-,TL-NW-Error
bf-,bf-,bf-,TL-NW-Error
b-forest,b-forest,b-forest,TL-NW-Error
b-greeen,b-greeen,b-greeen,TL-NW-Error
b-green,b-green,b-green,TL-NW-Error
b-grip,b-grip,b-grip,TL-NW-Error
bh&x,bh&x,bh&x,TL-NW-SP-Error
bhandari's,bhandari's,bhandari's,TL-NW-SP-Error
bhk's,bhk's,bhk's,TL-NW-SP-Error
bhuiyan`s,bhuiyan`s,bhuiyan`s,TL-NW-Error
bhuiyanenterprise,bhuiyanenterprise,bhuiyanenterprise,Long-word
bhumi&tangan,bhumi&tangan,bhumi&tangan,TL-NW-SP-Error
bial-sg,bial-sg,bial-sg,TL-NW-Error
bi-bag,bi-bag,bi-bag,TL-NW-Error
bi-beat,bi-beat,bi-beat,TL-NW-Error
bickford's,bickford's,bickford's,TL-NW-SP-Error
bicycledesigner,bicycledesigner,bicycledesigner,Long-word
bi-es,bi-es,bi-es,TL-NW-Error
bi-feather,bi-feather,bi-feather,TL-NW-Error
bi-fold,bi-fold,bi-fold,TL-NW-Error
mike's,mike's,mike's,TL-NW-SP-Error
big?face,big?face,big?face,TL-NW-SP-Error
biji-biji,biji-biji,biji-biji,TL-NW-Error
bd(bangladesh),bd(bangladesh),bd(bangladesh),TL-NW-SP-Error
bilashi(live,bilashi(live,bilashi(live,TL-NW-SP-Error
bilash's,bilash's,bilash's,TL-NW-SP-Error
bilash's,bilash's,bilash's,TL-NW-SP-Error
bilashy's,bilashy's,bilashy's,TL-NW-SP-Error
billecarte-salmon,billecarte-salmon,billecarte-salmon,Long-word
billy-joe,billy-joe,billy-joe,TL-NW-Error
bilt-rite,bilt-rite,bilt-rite,TL-NW-Error
bi-no,bi-no,bi-no,TL-NW-Error
a+o,a+o,a+o,TL-NW-Error
x-pert,x-pert,x-pert,TL-NW-Error
bio-15,bio-15,bio-15,TL-NW-Error
bio-aquacel,bio-aquacel,bio-aquacel,TL-NW-Error
bioc+,bioc+,bioc+,TL-NW-Error
bio-care,bio-care,bio-care,TL-NW-Error
bio-h,bio-h,bio-h,TL-NW-Error
(gesb),(gesb),(gesb),TL-NW-SP-Error
bio-home,bio-home,bio-home,TL-NW-Error
bio-klare,bio-klare,bio-klare,TL-NW-Error
bio-kleanz,bio-kleanz,bio-kleanz,TL-NW-Error
bio-kult,bio-kult,bio-kult,TL-NW-Error
bio-labs,bio-labs,bio-labs,TL-NW-Error
"bio-labs,","bio-labs,","bio-labs,",TL-NW-Error
bio-lac,bio-lac,bio-lac,TL-NW-Error
bio-rejuv,bio-rejuv,bio-rejuv,TL-NW-Error
bi-o-ri-da,bi-o-ri-da,bi-o-ri-da,TL-NW-Error
bio-safe,bio-safe,bio-safe,TL-NW-Error
bio-strath,bio-strath,bio-strath,TL-NW-Error
bio-synergy,bio-synergy,bio-synergy,TL-NW-Error
bio-synergy,bio-synergy,bio-synergy,TL-NW-Error
bio-woman,bio-woman,bio-woman,TL-NW-Error
bio-x,bio-x,bio-x,TL-NW-Error
bio-x,bio-x,bio-x,TL-NW-Error
bird-x,bird-x,bird-x,TL-NW-Error
center(bsc),center(bsc),center(bsc),TL-NW-SP-Error
traders(jas),traders(jas),traders(jas),TL-NW-SP-Error
bithy's,bithy's,bithy's,TL-NW-SP-Error
limited-home,limited-home,limited-home,TL-NW-Error
b-jaga,b-jaga,b-jaga,TL-NW-Error
b-klean,b-klean,b-klean,TL-NW-Error
bl(tm),bl(tm),bl(tm),TL-NW-SP-Error
stone's,stone's,stone's,TL-NW-SP-Error
b-land,b-land,b-land,TL-NW-Error
blank&black,blank&black,blank&black,TL-NW-SP-Error
b-lex,b-lex,b-lex,TL-NW-Error
b-line,b-line,b-line,TL-NW-Error
blink®,blink®,blink®,TL-NW-Error
(kepong),(kepong),(kepong),TL-NW-SP-Error
blistexedflmallgracenurseforever21mgb,blistexedflmallgracenurseforever21mgb,blistexedflmallgracenurseforever21mgb,Long-word
blmg(blooming,blmg(blooming,blmg(blooming,TL-NW-SP-Error
blmg(bloominghome),blmg(bloominghome),blmg(bloominghome),Long-word
b:,b:,b:,TL-NW-SP-Error
blooming&me,blooming&me,blooming&me,TL-NW-SP-Error
blossomclothing,blossomclothing,blossomclothing,Long-word
blousemurahbyajmee,blousemurahbyajmee,blousemurahbyajmee,Long-word
bluarmorbangladesh,bluarmorbangladesh,bluarmorbangladesh,Long-word
skincareâ,skinKeyarâ,স্কিঙ্কেয়ারâ,TL-NW-ALNUM
bluebutterflypro,bluebutterflypro,bluebutterflypro,Long-word
bs-5,bs-5,bs-5,TL-NW-Error
blue-i,blue-i,blue-i,TL-NW-Error
bm-800,bm-800,bm-800,TL-NW-Error
b-mart,b-mart,b-mart,TL-NW-Error
b-mom,b-mom,b-mom,TL-NW-Error
bm-s2,bm-s2,bm-s2,TL-NW-Error
bm-world,bm-world,bm-world,TL-NW-Error
b'natural-bn,b'natural-bn,b'natural-bn,TL-NW-SP-Error
bnt-bd,bnt-bd,bnt-bd,TL-NW-Error
??,??,??,TL-NW-SP-Error
boblbe-e,boblbe-e,boblbe-e,TL-NW-Error
companía,kompanía,কম্পানíআ,TL-NW-ALNUM
rodríguez,rodríguez,রদ্রíগুএয,TL-NW-ALNUM
bods-bodynits,bods-bodynits,bods-bodynits,TL-NW-Error
sport¾,sport¾,sport¾,TL-NW-Error
böhm,böhm,বöহ্ম,TL-NW-ALNUM
bolek's,bolek's,bolek's,TL-NW-SP-Error
bomll?unite,bomll?unite,bomll?unite,TL-NW-SP-Error
bon(r),bon(r),bon(r),TL-NW-SP-Error
bond-eye,bond-eye,bond-eye,TL-NW-Error
bond-weld,bond-weld,bond-weld,TL-NW-Error
bon-home,bon-home,bon-home,TL-NW-Error
bonikbd-24,bonikbd-24,bonikbd-24,TL-NW-Error
journée,journée,জউরনéএ,TL-NW-ALNUM
bonzer-gift,bonzer-gift,bonzer-gift,TL-NW-Error
book-shop,book-shop,book-shop,TL-NW-Error
borie-manoux,borie-manoux,borie-manoux,TL-NW-Error
center-,center-,center-,TL-NW-Error
borno_ibeauty,borno_ibeauty,borno_ibeauty,TL-NW-SP-Error
borsha's,borsha's,borsha's,TL-NW-SP-Error
boson-vushon,boson-vushon,boson-vushon,TL-NW-Error
botanikaorganic,botanikaorganic,botanikaorganic,Long-word
rani's,rani's,rani's,TL-NW-SP-Error
bow-tiger,bow-tiger,bow-tiger,TL-NW-Error
美丽瘦身贴,美丽瘦身贴,美丽瘦身贴,Long-word
?????,?????,?????,TL-NW-SP-Error
bradbury's,bradbury's,bradbury's,TL-NW-SP-Error
(m),(m),(m),TL-NW-SP-Error
nat's,nat's,nat's,TL-NW-SP-Error
m&s,m&s,m&s,TL-NW-SP-Error
bránd,bránd,ব্রáন্দ,TL-NW-ALNUM
brandautomation123,brandautomation123,brandautomation123,Long-word
brand-e,brand-e,brand-e,TL-NW-Error
brand-nova,brand-nova,brand-nova,TL-NW-Error
brand-x,brand-x,brand-x,TL-NW-Error
"braun,","braun,","braun,",TL-NW-Error
braun-sg,braun-sg,braun-sg,TL-NW-Error
breeder's,breeder's,breeder's,TL-NW-SP-Error
bridoñ¢,bridoñ¢,bridoñ¢,TL-NW-Error
bright?brave,bright?brave,bright?brave,TL-NW-SP-Error
brighterwhitemalaysia,brighterwhitemalaysia,brighterwhitemalaysia,Long-word
"brightz,","brightz,","brightz,",TL-NW-Error
brilliance-auto,brilliance-auto,brilliance-auto,Long-word
brinta's,brinta's,brinta's,TL-NW-SP-Error
britttanie's,britttanie's,britttanie's,TL-NW-SP-Error
bro-code,bro-code,bro-code,TL-NW-Error
broker's,broker's,broker's,TL-NW-SP-Error
brotherãâ®,brotherãâ®,brotherãâ®,TL-NW-Error
t-zone,t-zone,t-zone,TL-NW-Error
zone-middle,zone-middle,zone-middle,TL-NW-Error
brotherstradingcorporation,brotherstradingcorporation,brotherstradingcorporation,Long-word
brothe's,brothe's,brothe's,TL-NW-SP-Error
brown(ctg),brown(ctg),brown(ctg),TL-NW-SP-Error
(bottomslim),(bottomslim),(bottomslim),TL-NW-SP-Error
bs-5,bs-5,bs-5,TL-NW-Error
bs-mall,bs-mall,bs-mall,TL-NW-Error
bssg-msc,bssg-msc,bssg-msc,TL-NW-Error
b-storm,b-storm,b-storm,TL-NW-Error
b-tex,b-tex,b-tex,TL-NW-Error
b-trac,b-trac,b-trac,TL-NW-Error
bubblest,bubblest,bubblest,TL-NW-Error
bubblest,bubblest,bubblest,TL-NW-Error
bubs¾,bubs¾,bubs¾,TL-NW-Error
bulls,bulls,bulls,TL-NW-Error
12),12),12),TL-NW-SP-Error
bunny's,bunny's,bunny's,TL-NW-SP-Error
buqishidanfashions,buqishidanfashions,buqishidanfashions,Long-word
polo-t,polo-t,polo-t,TL-NW-Error
"burberry,gucci,lv","burberry,gucci,lv","burberry,gucci,lv",Long-word
butterfly-fly,butterfly-fly,butterfly-fly,TL-NW-Error
buy&pick,buy&pick,buy&pick,TL-NW-SP-Error
buy_line,buy_line,buy_line,TL-NW-SP-Error
buzzy's,buzzy's,buzzy's,TL-NW-SP-Error
bv-tech,bv-tech,bv-tech,TL-NW-Error
b-xin,b-xin,b-xin,TL-NW-Error
b-yen,b-yen,b-yen,TL-NW-Error
byti&co,byti&co,byti&co,TL-NW-SP-Error
